1653384063,800.0,5,1653384053,1653299335,Củ sạc đa năng
1653384459,13.0,2,1653384445,1653299964,AO
1653384696,15.0,5,1653384687,1653299963,aoô
1653384793,600.0,2,1653384777,1653299390,Pin sạc dự phòng
1653384901,15.0,2,1653384878,1653299963,aoô
1653385036,15.0,2,1653385026,1653299963,aoô
1653385104,13.0,2,1653385094,1653299964,AO
1653396749,600.0,5,1653396726,1653299390,Pin sạc dự phòng 
1653397081,600.0,2,1653397065,1653299390,Pin sạc dự phòng 
1653397213,600.0,2,1653397203,1653299327,Loa Bluetooth 
1653397374,600.0,2,1653397362,1653299390,Pin sạc dự phòng 
1653397439,600.0,2,1653397428,1653299378,Cáp sạc nhanh Type C
1653397574,600.0,2,1653397565,1653299390,Pin sạc dự phòng 
1653397855,600.0,2,1653397841,1653299378,Cáp sạc nhanh Type C
1653398827,600.0,5,1653398810,1653299390,Pin sạc dự phòng 
1653399031,600.0,3,1653399017,1653299390,Pin sạc dự phòng 
1653399995,800.0,10,1653399984,1653299335,Củ sạc đa năng
1653400157,600.0,2,1653400139,1653299390,Pin sạc dự phòng 
1653400385,500.0,9,1653400376,1653299333,Miếng dán màn hình
1653400474,800.0,8,1653400443,1653299335,Củ sạc đa năng
1653400671,900.0,10,1653400663,1653299336,Giá đỡ điện thoại đeo cổ
1653400766,600.0,5,1653400745,1653299322,Cáp sạc dây rút
1653400802,900.0,5,1653400782,1653299336,Giá đỡ điện thoại đeo cổ
1653400887,1900.0,5,1653400872,1653299336,Sạc không dây kiêm đèn ngủ
1653400922,600.0,3,1653400897,1653299327,Loa Bluetooth 
1653401121,900.0,20,1653401101,1653299350,Giá đỡ điện thoại đeo cổ
1653401949,500.0,10,1653401929,1653299333,Miếng dán màn hình
1653402573,500.0,10,1653402532,1653299226,Chuột máy tính 
1653403166,500.0,10,1653403131,1653299226,Chuột máy tính 
1653403266,9000.0,30,1653403246,1653299234,Đế sạc không dây
1653403324,600.0,50,1653403309,1653299555,Cáp sạc Lightning
1653404181,600.0,10,1653404165,1653299555,Cáp sạc Lightning
1653404284,600.0,20,1653404271,1653299555,Cáp sạc Lightning
